,Ward,District,City,Latitude,Longitude
0,Phúc Xá,Ba Đình,Hà Nội,21.0457403,105.8486626
1,Trúc Bạch,Ba Đình,Hà Nội,21.0460716,105.8401954
2,Vĩnh Phúc,Ba Đình,Hà Nội,21.0420085,105.8107487
3,Cống Vị,Ba Đình,Hà Nội,21.0356697,105.8102348
4,Liễu Giai,Ba Đình,Hà Nội,21.0374681,105.8176018
5,Nguyễn Trung Trực,Ba Đình,Hà Nội,21.0424536,105.8466671
6,Quán Thánh,Ba Đình,Hà Nội,21.0414535,105.8393528
7,Ngọc Hà,Ba Đình,Hà Nội,21.0371066,105.8259116
8,Điện Biên,Ba Đình,Hà Nội,21.030667,105.8383505
9,Đội Cấn,Ba Đình,Hà Nội,21.0348806,105.830439
10,Ngọc Khánh,Ba Đình,Hà Nội,21.0294293,105.8110653
11,Kim Mã,Ba Đình,Hà Nội,21.0312786,105.8263686
12,Giảng Võ,Ba Đình,Hà Nội,21.0257843,105.8188201
13,Thành Công,Ba Đình,Hà Nội,21.0206628,105.8153228
14,Phúc Tân,Hoàn Kiếm,Hà Nội,21.0379155,105.8553255
15,Đồng Xuân,Hoàn Kiếm,Hà Nội,21.0381672,105.84941343212367
16,Hàng Mã,Hoàn Kiếm,Hà Nội,21.0377009,105.8464748
17,Hàng Buồm,Hoàn Kiếm,Hà Nội,21.0356681,105.8524185
18,Hàng Đào,Hoàn Kiếm,Hà Nội,21.0346317,105.8501226
19,Hàng Bồ,Hoàn Kiếm,Hà Nội,21.0351524,105.848127
20,Cửa Đông,Hoàn Kiếm,Hà Nội,21.0327966,105.8459061
21,Lý Thái Tổ,Hoàn Kiếm,Hà Nội,21.0309213,105.8557437
22,Hàng Bạc,Hoàn Kiếm,Hà Nội,21.0337254,105.8532849
23,Hàng Gai,Hoàn Kiếm,Hà Nội,21.031993,105.8489102
24,Chương Dương,Hoàn Kiếm,Hà Nội,21.0355637,105.8552352
25,Hàng Trống,Hoàn Kiếm,Hà Nội,21.0287601,105.85258524102564
26,Cửa Nam,Hoàn Kiếm,Hà Nội,21.0253535,105.8422798
27,Hàng Bông,Hoàn Kiếm,Hà Nội,21.029512,105.846051
28,Tràng Tiền,Hoàn Kiếm,Hà Nội,21.024813,105.853297
29,Trần Hưng Đạo,Hoàn Kiếm,Hà Nội,21.0227322,105.8474618
30,Phan Chu Trinh,Hoàn Kiếm,Hà Nội,21.022494,105.8582144
31,Hàng Bài,Hoàn Kiếm,Hà Nội,21.0210497,105.8526599
32,Phú Thượng,Tây Hồ,Hà Nội,21.086984649999998,105.80822761778177
33,Nhật Tân,Tây Hồ,Hà Nội,21.0784486,105.8213264
34,Tứ Liên,Tây Hồ,Hà Nội,21.06838795,105.83758364441083
35,Quảng An,Tây Hồ,Hà Nội,21.06160355,105.82352635194948
36,Xuân La,Tây Hồ,Hà Nội,21.0582401,105.8057803
37,Yên Phụ,Tây Hồ,Hà Nội,21.05387115,105.83934775178629
38,Bưởi,Tây Hồ,Hà Nội,21.057941200000002,105.81398991100565
39,Thụy Khuê,Tây Hồ,Hà Nội,21.0426134,105.826869
40,Thượng Thanh,Long Biên,Hà Nội,21.0731577,105.8970237
41,Ngọc Thụy,Long Biên,Hà Nội,21.0580999,105.8671117
42,Giang Biên,Long Biên,Hà Nội,21.0646478,105.9170329
43,Đức Giang,Long Biên,Hà Nội,21.0636767,105.8959132
44,Việt Hưng,Long Biên,Hà Nội,21.0574241,105.9014761
45,Gia Thụy,Long Biên,Hà Nội,21.0368623,105.8970451
46,Ngọc Lâm,Long Biên,Hà Nội,21.0443415,105.8705116
47,Phúc Lợi,Long Biên,Hà Nội,21.0429105,105.926367
48,Bồ Đề,Long Biên,Hà Nội,21.0400533,105.8504266
49,Sài Đồng,Long Biên,Hà Nội,21.0230373,105.9170982
50,Long Biên,Long Biên,Hà Nội,21.0393411,105.8922453
51,Thạch Bàn,Long Biên,Hà Nội,21.0331276,105.9149465
52,Phúc Đồng,Long Biên,Hà Nội,21.0420693,105.9039223
53,Cự Khối,Long Biên,Hà Nội,21.0147853,105.9038338
54,Nghĩa Đô,Cầu Giấy,Hà Nội,21.040967600000002,105.79603598058608
55,Nghĩa Tân,Cầu Giấy,Hà Nội,21.04321815,105.79439513090206
56,Mai Dịch,Cầu Giấy,Hà Nội,21.0401199,105.76982895734274
57,Dịch Vọng,Cầu Giấy,Hà Nội,21.0316116,105.7928338
58,Dịch Vọng Hậu,Cầu Giấy,Hà Nội,21.0290751,105.78597
59,Quan Hoa,Cầu Giấy,Hà Nội,21.01738075,105.80003682760268
60,Yên Hoà,Cầu Giấy,Hà Nội,21.01738075,105.80003682760268
61,Trung Hoà,Cầu Giấy,Hà Nội,21.0136913,105.8031837
62,Cát Linh,Đống Đa,Hà Nội,21.0299679,105.8290116
63,Văn Miếu,Đống Đa,Hà Nội,21.02797,105.8376575
64,Quốc Tử Giám,Đống Đa,Hà Nội,21.0267102,105.8332121
65,Láng Thượng,Đống Đa,Hà Nội,21.02371595,105.80206801157095
66,Ô Chợ Dừa,Đống Đa,Hà Nội,21.0182978,105.8294361
67,Văn Chương,Đống Đa,Hà Nội,21.0226491,105.8360129
68,Hàng Bột,Đống Đa,Hà Nội,21.0227091,105.8305927
69,Láng Hạ,Đống Đa,Hà Nội,21.02371595,105.80206801157095
70,Khâm Thiên,Đống Đa,Hà Nội,21.0191501,105.8360689
71,Thổ Quan,Đống Đa,Hà Nội,21.0192095,105.8342776
72,Nam Đồng,Đống Đa,Hà Nội,21.014488200000002,105.82358629882121
73,Trung Phụng,Đống Đa,Hà Nội,21.0158626,105.8386388
74,Quang Trung,Đống Đa,Hà Nội,21.0207962,105.8239402
75,Trung Liệt,Đống Đa,Hà Nội,21.012836,105.8218908
76,Phương Liên,Đống Đa,Hà Nội,21.1114388,105.6375351
77,Thịnh Quang,Đống Đa,Hà Nội,21.0068558,105.8189559
78,Trung Tự,Đống Đa,Hà Nội,21.0047986,105.835583
79,Kim Liên,Đống Đa,Hà Nội,21.01087245,105.83164087522587
80,Phương Mai,Đống Đa,Hà Nội,21.0033579,105.8343164
81,Ngã Tư Sở,Đống Đa,Hà Nội,21.0035416,105.8207552
82,Khương Thượng,Đống Đa,Hà Nội,21.0042339,105.824722
83,Nguyễn Du,Hai Bà Trưng,Hà Nội,21.01841295,105.84582106126307
84,Bạch Đằng,Hai Bà Trưng,Hà Nội,21.0036905,105.8742544
85,Phạm Đình Hổ,Hai Bà Trưng,Hà Nội,21.0166174,105.857584
86,Lê Đại Hành,Hai Bà Trưng,Hà Nội,21.0111937,105.8485641
87,Đồng Nhân,Hai Bà Trưng,Hà Nội,21.0133905,105.855847
88,Phố Huế,Hai Bà Trưng,Hà Nội,21.0134558,105.8517516
89,Đống Mác,Hai Bà Trưng,Hà Nội,21.0096628,105.8604096
90,Thanh Lương,Hai Bà Trưng,Hà Nội,21.0075859,105.8633283
91,Thanh Nhàn,Hai Bà Trưng,Hà Nội,21.0084826,105.8562486
92,Cầu Dền,Hai Bà Trưng,Hà Nội,21.0122402,105.8554864
93,Bách Khoa,Hai Bà Trưng,Hà Nội,21.00236545,105.84673085658743
94,Đồng Tâm,Hai Bà Trưng,Hà Nội,20.9972914,105.8454969
95,Vĩnh Tuy,Hai Bà Trưng,Hà Nội,21.0169605,105.8891187
96,Bạch Mai,Hai Bà Trưng,Hà Nội,20.9959056,105.8499488
97,Quỳnh Mai,Hai Bà Trưng,Hà Nội,21.0010747,105.8603487
98,Quỳnh Lôi,Hai Bà Trưng,Hà Nội,21.0019816,105.8597528
99,Minh Khai,Hai Bà Trưng,Hà Nội,20.9963337,105.8624181
100,Trương Định,Hai Bà Trưng,Hà Nội,20.9917547,105.8491844
101,Thanh Trì,Hoàng Mai,Hà Nội,21.0049153,105.9118809
102,Vĩnh Hưng,Hoàng Mai,Hà Nội,20.9858157,105.8760705
103,Định Công,Hoàng Mai,Hà Nội,20.988323100000002,105.83164914112298
104,Mai Động,Hoàng Mai,Hà Nội,20.9896693,105.8614933
105,Tương Mai,Hoàng Mai,Hà Nội,20.988236,105.8510691
106,Đại Kim,Hoàng Mai,Hà Nội,20.975381900000002,105.83781759892108
107,Tân Mai,Hoàng Mai,Hà Nội,20.9834237,105.8461682
108,Hoàng Văn Thụ,Hoàng Mai,Hà Nội,21.0387553,105.8375064
109,Giáp Bát,Hoàng Mai,Hà Nội,20.9866926,105.8430822
110,Lĩnh Nam,Hoàng Mai,Hà Nội,20.9612688,105.82356080307301
111,Thịnh Liệt,Hoàng Mai,Hà Nội,20.9739248,105.8439682
112,Trần Phú,Hoàng Mai,Hà Nội,20.9731637,105.8841558
113,Hoàng Liệt,Hoàng Mai,Hà Nội,20.96655095,105.83852386274603
114,Yên Sở,Hoàng Mai,Hà Nội,20.9622016,105.854361
115,Nhân Chính,Thanh Xuân,Hà Nội,21.002931,105.81130787226348
116,Thượng Đình,Thanh Xuân,Hà Nội,20.9956941,105.8148665
117,Khương Trung,Thanh Xuân,Hà Nội,21.0007458,105.8186629
118,Khương Mai,Thanh Xuân,Hà Nội,20.9928013,105.8142843
119,Thanh Xuân Trung,Thanh Xuân,Hà Nội,21.0007458,105.8186629
120,Phương Liệt,Thanh Xuân,Hà Nội,20.9954917,105.8382048
121,Hạ Đình,Thanh Xuân,Hà Nội,21.002931,105.81130787226348
122,Khương Đình,Thanh Xuân,Hà Nội,20.9943748,105.8142269
123,Thanh Xuân Bắc,Thanh Xuân,Hà Nội,20.991304399999997,105.79969331933486
124,Thanh Xuân Nam,Thanh Xuân,Hà Nội,20.99439525,105.81939890126282
125,Kim Giang,Thanh Xuân,Hà Nội,20.9826784,105.8157278
126,Thị trấn Sóc Sơn,Sóc Sơn,Hà Nội,21.03071275,105.85242187917213
127,Bắc Sơn,Sóc Sơn,Hà Nội,21.2876905,105.7753299
128,Minh Trí,Sóc Sơn,Hà Nội,21.2797418,105.7452499
129,Hồng Kỳ,Sóc Sơn,Hà Nội,21.3144972,105.8562394
130,Nam Sơn,Sóc Sơn,Hà Nội,21.2808747,105.82924029963563
131,Trung Giã,Sóc Sơn,Hà Nội,21.2299921,105.7792774
132,Tân Hưng,Sóc Sơn,Hà Nội,18.5041231,105.3463291
133,Minh Phú,Sóc Sơn,Hà Nội,21.1977038,105.8167862
134,Phù Linh,Sóc Sơn,Hà Nội,21.2718578,105.8155193
135,Bắc Phú,Sóc Sơn,Hà Nội,21.2649,105.7815183
136,Tân Minh,Sóc Sơn,Hà Nội,21.2554521,105.7505905
137,Quang Tiến,Sóc Sơn,Hà Nội,21.240902,105.8021949
138,Hiền Ninh,Sóc Sơn,Hà Nội,21.2556212,105.7960151
139,Tân Dân,Sóc Sơn,Hà Nội,21.2477818,105.7443451
140,Tiên Dược,Sóc Sơn,Hà Nội,21.2463899,105.8471831
141,Việt Long,Sóc Sơn,Hà Nội,21.2084205,105.7792166
142,Xuân Giang,Sóc Sơn,Hà Nội,21.2567519,105.8679005
143,Mai Đình,Sóc Sơn,Hà Nội,21.2281855,105.8244251
144,Đức Hoà,Sóc Sơn,Hà Nội,21.0408076,105.7017588
145,Thanh Xuân,Sóc Sơn,Hà Nội,20.9939371,105.8388506
146,Đông Xuân,Sóc Sơn,Hà Nội,21.2299921,105.7792774
147,Kim Lũ,Sóc Sơn,Hà Nội,21.03071275,105.85242187917213
148,Phú Cường,Sóc Sơn,Hà Nội,21.2649,105.7815183
149,Phú Minh,Sóc Sơn,Hà Nội,21.1977038,105.8167862
150,Phù Lỗ,Sóc Sơn,Hà Nội,21.1955031,105.8467539
151,Xuân Thu,Sóc Sơn,Hà Nội,21.03071275,105.85242187917213
152,Thị trấn Đông Anh,Đông Anh,Hà Nội,21.0900304,105.8996544
153,Xuân Nộn,Đông Anh,Hà Nội,21.1367358,105.84635906028333
154,Thuỵ Lâm,Đông Anh,Hà Nội,21.111485549999998,105.87118615059332
155,Bắc Hồng,Đông Anh,Hà Nội,21.1257735,105.7898242
156,Nguyên Khê,Đông Anh,Hà Nội,21.1165812,105.9177659
157,Nam Hồng,Đông Anh,Hà Nội,21.103644,105.7649363
158,Tiên Dương,Đông Anh,Hà Nội,21.1231552,105.9103639
159,Vân Hà,Đông Anh,Hà Nội,21.1404325,105.8137536
160,Uy Nỗ,Đông Anh,Hà Nội,21.1386218,105.8556348
161,Vân Nội,Đông Anh,Hà Nội,21.1404325,105.8137536
162,Liên Hà,Đông Anh,Hà Nội,21.0079913,105.83847610863862
163,Việt Hùng,Đông Anh,Hà Nội,21.1367358,105.84635906028333
164,Kim Nỗ,Đông Anh,Hà Nội,21.1373973,105.76910460377405
165,Kim Chung,Đông Anh,Hà Nội,21.1373973,105.76910460377405
166,Dục Tú,Đông Anh,Hà Nội,21.1218627,105.9087505
167,Đại Mạch,Đông Anh,Hà Nội,21.1212977,105.75467372784479
168,Vĩnh Ngọc,Đông Anh,Hà Nội,21.1148916,105.8262271
169,Cổ Loa,Đông Anh,Hà Nội,21.096550649999998,105.86833435498359
170,Hải Bối,Đông Anh,Hà Nội,21.1099058,105.79809450895183
171,Xuân Canh,Đông Anh,Hà Nội,21.0898204,105.8534958
172,Võng La,Đông Anh,Hà Nội,21.10903355,105.76512382249587
173,Tàm Xá,Đông Anh,Hà Nội,21.093694149999997,105.8549118488711
174,Mai Lâm,Đông Anh,Hà Nội,21.0859259,105.8819177
175,Đông Hội,Đông Anh,Hà Nội,21.0770618,105.8749764
176,Thị trấn Yên Viên,Gia Lâm,Hà Nội,21.094833100000002,105.92894239797704
177,Yên Thường,Gia Lâm,Hà Nội,21.0969227,105.9154236
178,Yên Viên,Gia Lâm,Hà Nội,21.087571349999997,105.92029800727596
179,Ninh Hiệp,Gia Lâm,Hà Nội,21.061444,105.9725439
180,Đình Xuyên,Gia Lâm,Hà Nội,21.07695005,105.9350181365734
181,Dương Hà,Gia Lâm,Hà Nội,21.0666352,105.93471539417251
182,Phù Đổng,Gia Lâm,Hà Nội,21.0453092,105.9418186
183,Trung Mầu,Gia Lâm,Hà Nội,21.0666352,105.93471539417251
184,Lệ Chi,Gia Lâm,Hà Nội,20.986871,105.9358566
185,Cổ Bi,Gia Lâm,Hà Nội,21.0489853,105.87629720238783
186,Đặng Xá,Gia Lâm,Hà Nội,21.074436,105.92625989803066
187,Phú Thị,Gia Lâm,Hà Nội,21.036392499999998,105.84013345457682
188,Kim Sơn,Gia Lâm,Hà Nội,9.8080368,104.63651205039501
189,Thị trấn Trâu Quỳ,Gia Lâm,Hà Nội,21.0019242,105.9309819
190,Dương Quang,Gia Lâm,Hà Nội,21.077662750000002,105.92817075948143
191,Dương Xá,Gia Lâm,Hà Nội,21.074436,105.92625989803066
192,Đông Dư,Gia Lâm,Hà Nội,20.9708408,105.9512742
193,Đa Tốn,Gia Lâm,Hà Nội,20.9986046,105.9363023
194,Kiêu Kỵ,Gia Lâm,Hà Nội,20.9832294,105.94666139832009
195,Bát Tràng,Gia Lâm,Hà Nội,20.9753294,105.9126548
196,Kim Lan,Gia Lâm,Hà Nội,21.0237482,105.97041496102682
197,Văn Đức,Gia Lâm,Hà Nội,21.0450437,105.8746437
198,Cầu Diễn,Nam Từ Liêm,Hà Nội,21.0362092,105.7622161
199,Xuân Phương,Nam Từ Liêm,Hà Nội,21.06158065,105.79309830716524
200,Phương Canh,Nam Từ Liêm,Hà Nội,21.0364131,105.7549973
201,Mỹ Đình 1,Nam Từ Liêm,Hà Nội,21.0259791,105.7734493
202,Mỹ Đình 2,Nam Từ Liêm,Hà Nội,21.0262205,105.7827027
203,Tây Mỗ,Nam Từ Liêm,Hà Nội,21.0052626,105.7481277
204,Mễ Trì,Nam Từ Liêm,Hà Nội,21.0159948,105.7812132
205,Phú Đô,Nam Từ Liêm,Hà Nội,21.0118717,105.7655158
206,Đại Mỗ,Nam Từ Liêm,Hà Nội,20.991237,105.7631206
207,Trung Văn,Nam Từ Liêm,Hà Nội,20.9914348,105.7894423812046
208,Thị trấn Văn Điển,Thanh Trì,Hà Nội,20.9440066,105.8426115
209,Tân Triều,Thanh Trì,Hà Nội,20.9800714,105.8007005
210,Thanh Liệt,Thanh Trì,Hà Nội,20.9453307,105.87006887617937
211,Tả Thanh Oai,Thanh Trì,Hà Nội,20.9305221,105.7978021
212,Hữu Hoà,Thanh Trì,Hà Nội,10.96648405,106.89177554954243
213,Tam Hiệp,Thanh Trì,Hà Nội,20.9462178,105.8293542
214,Tứ Hiệp,Thanh Trì,Hà Nội,20.9434028,105.8635766
215,Yên Mỹ,Thanh Trì,Hà Nội,20.94773265,105.87074105919939
216,Vĩnh Quỳnh,Thanh Trì,Hà Nội,20.9374187,105.8390631
217,Ngũ Hiệp,Thanh Trì,Hà Nội,20.9259029,105.8532779
218,Duyên Hà,Thanh Trì,Hà Nội,20.9645346,105.8150873
219,Ngọc Hồi,Thanh Trì,Hà Nội,20.9581859,105.8426108
220,Vạn Phúc,Thanh Trì,Hà Nội,20.93381335,105.83259972089874
221,Đại áng,Thanh Trì,Hà Nội,20.9207683,105.83386
222,Liên Ninh,Thanh Trì,Hà Nội,20.9082144,105.8544253
223,Đông Mỹ,Thanh Trì,Hà Nội,20.94773265,105.87074105919939
224,Thượng Cát,Bắc Từ Liêm,Hà Nội,21.0926818,105.7359145
225,Liên Mạc,Bắc Từ Liêm,Hà Nội,21.0853963,105.7506647
226,Đông Ngạc,Bắc Từ Liêm,Hà Nội,21.0883285,105.78469
227,Đức Thắng,Bắc Từ Liêm,Hà Nội,21.0764197,105.7759271
228,Thụy Phương,Bắc Từ Liêm,Hà Nội,21.0803402,105.7677667
229,Tây Tựu,Bắc Từ Liêm,Hà Nội,21.0709607,105.734233
230,Xuân Đỉnh,Bắc Từ Liêm,Hà Nội,21.0744061,105.7889375
231,Xuân Tảo,Bắc Từ Liêm,Hà Nội,21.06158065,105.79309830716524
232,Minh Khai,Bắc Từ Liêm,Hà Nội,21.0623967,105.7466448
233,Cổ Nhuế 1,Bắc Từ Liêm,Hà Nội,21.0530565,105.785359
234,Cổ Nhuế 2,Bắc Từ Liêm,Hà Nội,21.0629628,105.7794016
235,Phú Diễn,Bắc Từ Liêm,Hà Nội,21.0505968,105.7630137
236,Phúc Diễn,Bắc Từ Liêm,Hà Nội,21.0474321,105.7518014
238,Đại Thịnh,Mê Linh,Hà Nội,21.2227449,105.7216858
239,Kim Hoa,Mê Linh,Hà Nội,21.2155439,105.7384699
240,Thạch Đà,Mê Linh,Hà Nội,21.2127834,105.7600134
241,Tiến Thắng,Mê Linh,Hà Nội,21.2301056,105.6695994
242,Tự Lập,Mê Linh,Hà Nội,21.2083465,105.7215999
243,Thị trấn Quang Minh,Mê Linh,Hà Nội,21.1591064,105.75464128696605
244,Thanh Lâm,Mê Linh,Hà Nội,21.2063388,105.7184716
245,Tam Đồng,Mê Linh,Hà Nội,21.1972196,105.6849631
246,Liên Mạc,Mê Linh,Hà Nội,21.1932184,105.6518324
247,Vạn Yên,Mê Linh,Hà Nội,21.206106,105.6304606
248,Chu Phan,Mê Linh,Hà Nội,21.1667582,105.74249543060441
249,Tiến Thịnh,Mê Linh,Hà Nội,21.2301056,105.6695994
250,Mê Linh,Mê Linh,Hà Nội,21.18078845,105.70725700576077
251,Văn Khê,Mê Linh,Hà Nội,21.2227449,105.7216858
252,Hoàng Kim,Mê Linh,Hà Nội,21.2155439,105.7384699
253,Tiền Phong,Mê Linh,Hà Nội,21.1583837,105.74986532131103
254,Tráng Việt,Mê Linh,Hà Nội,21.2098872,105.70312107594175
255,Nguyễn Trãi,Hà Đông,Hà Nội,20.9726299,105.78169395035097
256,Mộ Lao,Hà Đông,Hà Nội,20.982816550000003,105.78142144507608
257,Văn Quán,Hà Đông,Hà Nội,21.023801249999998,105.84049583942216
258,Vạn Phúc,Hà Đông,Hà Nội,20.95974775,105.76026602270056
259,Yết Kiêu,Hà Đông,Hà Nội,20.9178446,106.3340634
260,Quang Trung,Hà Đông,Hà Nội,20.9740833,105.7797615
261,La Khê,Hà Đông,Hà Nội,21.0889524,105.6673553
262,Phú La,Hà Đông,Hà Nội,21.0448106,105.9416736
263,Phúc La,Hà Đông,Hà Nội,20.9586823,105.790369
264,Hà Cầu,Hà Đông,Hà Nội,21.0377797,105.8497605
265,Yên Nghĩa,Hà Đông,Hà Nội,20.93630155,105.71542668102899
266,Kiến Hưng,Hà Đông,Hà Nội,20.9441954,105.7919426
267,Phú Lãm,Hà Đông,Hà Nội,21.0448106,105.9416736
268,Phú Lương,Hà Đông,Hà Nội,21.023801249999998,105.84049583942216
269,Dương Nội,Hà Đông,Hà Nội,20.9782619,105.7611449644493
270,Đồng Mai,Hà Đông,Hà Nội,20.9896693,105.8614933
271,Biên Giang,Hà Đông,Hà Nội,21.0733743,105.8766928
272,Lê Lợi,Thị xã Sơn Tây,Hà Nội,21.1415898,105.505791
273,Phú Thịnh,Thị xã Sơn Tây,Hà Nội,10.8653648,106.8003861
274,Ngô Quyền,Thị xã Sơn Tây,Hà Nội,21.1461681,105.4975374
275,Quang Trung,Thị xã Sơn Tây,Hà Nội,10.852725,106.7779418
276,Sơn Lộc,Thị xã Sơn Tây,Hà Nội,10.8689921,106.805896
278,Đường Lâm,Thị xã Sơn Tây,Hà Nội,10.8689921,106.805896
279,Viên Sơn,Thị xã Sơn Tây,Hà Nội,21.1415898,105.505791
280,Xuân Sơn,Thị xã Sơn Tây,Hà Nội,10.8689921,106.805896
281,Trung Hưng,Thị xã Sơn Tây,Hà Nội,21.1418025,105.5037606
282,Thanh Mỹ,Thị xã Sơn Tây,Hà Nội,10.8689921,106.805896
283,Trung Sơn Trầm,Thị xã Sơn Tây,Hà Nội,21.0172165,105.848001
284,Kim Sơn,Thị xã Sơn Tây,Hà Nội,10.8689921,106.805896
285,Sơn Đông,Thị xã Sơn Tây,Hà Nội,10.8733499,106.8081782
286,Cổ Đông,Thị xã Sơn Tây,Hà Nội,21.1402386,105.5068531
287,Thị trấn Tây Đằng,Ba Vì,Hà Nội,21.0414718,105.8379702
288,Phú Cường,Ba Vì,Hà Nội,21.0518399,105.7575823
289,Cổ Đô,Ba Vì,Hà Nội,21.04022975,105.83077433706477
290,Tản Hồng,Ba Vì,Hà Nội,21.0775085,105.8328392
291,Vạn Thắng,Ba Vì,Hà Nội,21.0783923,105.7748987
292,Châu Sơn,Ba Vì,Hà Nội,21.0456459,105.8427155
293,Phong Vân,Ba Vì,Hà Nội,21.2119997,105.931592
294,Phú Đông,Ba Vì,Hà Nội,21.016883,105.8536152
295,Phú Phương,Ba Vì,Hà Nội,21.0803402,105.7677667
296,Phú Châu,Ba Vì,Hà Nội,21.3930602,105.3128227
297,Thái Hòa,Ba Vì,Hà Nội,21.0318205,105.8515453
298,Đồng Thái,Ba Vì,Hà Nội,20.9715448,105.7915417
299,Phú Sơn,Ba Vì,Hà Nội,21.0888436,105.959481
300,Minh Châu,Ba Vì,Hà Nội,21.10453,105.340012
301,Vật Lại,Ba Vì,Hà Nội,21.201377,105.406909
302,Chu Minh,Ba Vì,Hà Nội,21.03679745,105.83471421151212
303,Tòng Bạt,Ba Vì,Hà Nội,21.01595795,105.8590904
304,Cẩm Lĩnh,Ba Vì,Hà Nội,21.0632467,105.35961306105986
305,Sơn Đà,Ba Vì,Hà Nội,21.2876905,105.7753299
306,Đông Quang,Ba Vì,Hà Nội,22.9336395,106.0485972
307,Tiên Phong,Ba Vì,Hà Nội,21.035339999999998,105.83177524999999
308,Thụy An,Ba Vì,Hà Nội,21.0421169,105.83278864609238
309,Cam Thượng,Ba Vì,Hà Nội,21.0632467,105.35961306105986
310,Thuần Mỹ,Ba Vì,Hà Nội,21.0632467,105.35961306105986
311,Tản Lĩnh,Ba Vì,Hà Nội,21.1241467,105.3889999
312,Ba Trại,Ba Vì,Hà Nội,21.124527,105.3549036
313,Minh Quang,Ba Vì,Hà Nội,21.10453,105.340012
314,Ba Vì,Ba Vì,Hà Nội,21.157241650000003,105.37676448554157
315,Vân Hòa,Ba Vì,Hà Nội,21.0387553,105.8375064
316,Yên Bài,Ba Vì,Hà Nội,21.0132018,105.8524212
317,Khánh Thượng,Ba Vì,Hà Nội,21.0826883,105.3335103
318,Thị trấn Phúc Thọ,Phúc Thọ,Hà Nội,21.1079973,105.57074703613138
319,Vân Hà,Phúc Thọ,Hà Nội,21.1051185,105.5493697
320,Vân Phúc,Phúc Thọ,Hà Nội,21.1051185,105.5493697
321,Vân Nam,Phúc Thọ,Hà Nội,21.1051185,105.5493697
322,Xuân Đình,Phúc Thọ,Hà Nội,21.0744061,105.7889375
323,Sen Phương,Phúc Thọ,Hà Nội,21.0414535,105.8393528
324,Võng Xuyên,Phúc Thọ,Hà Nội,21.0509698,105.8118619
325,Thọ Lộc,Phúc Thọ,Hà Nội,21.1169018,105.5277983
326,Long Xuyên,Phúc Thọ,Hà Nội,21.0356556,105.840271
327,Thượng Cốc,Phúc Thọ,Hà Nội,21.0747163,105.8027256
328,Hát Môn,Phúc Thọ,Hà Nội,16.8692228,102.3487787
329,Tích Giang,Phúc Thọ,Hà Nội,9.7804942,105.7219368
330,Thanh Đa,Phúc Thọ,Hà Nội,21.0414535,105.8393528
332,Phúc Hòa,Phúc Thọ,Hà Nội,21.1133878,105.5317048
333,Ngọc Tảo,Phúc Thọ,Hà Nội,10.96648405,106.89177554954243
334,Phụng Thượng,Phúc Thọ,Hà Nội,21.086984649999998,105.80822761778177
335,Tam Thuấn,Phúc Thọ,Hà Nội,10.8614917,106.7469451
336,Tam Hiệp,Phúc Thọ,Hà Nội,10.857326,106.7870016
337,Hiệp Thuận,Phúc Thọ,Hà Nội,9.7974986,105.8351152
338,Liên Hiệp,Phúc Thọ,Hà Nội,10.857326,106.7870016
339,Thị trấn Phùng,Đan Phượng,Hà Nội,21.04786305,105.83685198207905
340,Trung Châu,Đan Phượng,Hà Nội,21.03418635,105.86772532781018
341,Thọ An,Đan Phượng,Hà Nội,10.8905053,106.8215261
342,Thọ Xuân,Đan Phượng,Hà Nội,20.9954917,105.8382048
343,Hồng Hà,Đan Phượng,Hà Nội,21.11962705,105.67846875670617
344,Liên Hồng,Đan Phượng,Hà Nội,21.1114388,105.6375351
345,Liên Hà,Đan Phượng,Hà Nội,21.1114388,105.6375351
346,Hạ Mỗ,Đan Phượng,Hà Nội,21.0432493,105.8416938
347,Liên Trung,Đan Phượng,Hà Nội,21.0728446,105.7023722
348,Phương Đình,Đan Phượng,Hà Nội,21.043521,105.8380881
349,Thượng Mỗ,Đan Phượng,Hà Nội,21.1183765,105.7124849
350,Tân Hội,Đan Phượng,Hà Nội,10.7628659,106.625479
351,Tân Lập,Đan Phượng,Hà Nội,10.8837653,106.7443965
352,Đan Phượng,Đan Phượng,Hà Nội,21.11962705,105.67846875670617
353,Đồng Tháp,Đan Phượng,Hà Nội,21.0889524,105.6673553
354,Song Phượng,Đan Phượng,Hà Nội,10.8591,106.7887776
355,Thị trấn Trạm Trôi,Hoài Đức,Hà Nội,21.0684679,105.7096679
356,Đức Thượng,Hoài Đức,Hà Nội,21.043321,105.6998277
357,Minh Khai,Hoài Đức,Hà Nội,20.9925392,105.858778
358,Dương Liễu,Hoài Đức,Hà Nội,21.0355637,105.8552352
359,Di Trạch,Hoài Đức,Hà Nội,21.0442622,105.7201481
360,Đức Giang,Hoài Đức,Hà Nội,21.0577495,105.7013082
361,Cát Quế,Hoài Đức,Hà Nội,21.0610485,105.7013404
362,Kim Chung,Hoài Đức,Hà Nội,21.0528021,105.70956177263957
363,Yên Sở,Hoài Đức,Hà Nội,21.0473805,105.7025478
364,Sơn Đồng,Hoài Đức,Hà Nội,21.0408076,105.7017588
365,Vân Canh,Hoài Đức,Hà Nội,21.0377213,105.73255232352338
366,Đắc Sở,Hoài Đức,Hà Nội,21.0408076,105.7017588
367,Lại Yên,Hoài Đức,Hà Nội,21.02565335,105.71630562040318
368,Tiền Yên,Hoài Đức,Hà Nội,21.0484647,105.7074198
369,Song Phương,Hoài Đức,Hà Nội,10.8595067,106.7892605
370,An Khánh,Hoài Đức,Hà Nội,20.9990595,105.7121037788714
371,An Thượng,Hoài Đức,Hà Nội,20.9850855,105.708377
372,Vân Côn,Hoài Đức,Hà Nội,21.040953450000003,105.7328106258539
373,La Phù,Hoài Đức,Hà Nội,21.0345535,105.7389012
374,Đông La,Hoài Đức,Hà Nội,21.04315455,105.69872109077805
375,Đông Xuân,Quốc Oai,Hà Nội,21.0022109,105.6284803
376,Thị trấn Quốc Oai,Quốc Oai,Hà Nội,20.9107235,105.7605465
377,Sài Sơn,Quốc Oai,Hà Nội,20.9782127,105.6507811
378,Phượng Cách,Quốc Oai,Hà Nội,20.773289,105.7703497
379,Yên Sơn,Quốc Oai,Hà Nội,21.251317,106.1444268
380,Ngọc Liệp,Quốc Oai,Hà Nội,21.03125565,105.81612469219766
381,Ngọc Mỹ,Quốc Oai,Hà Nội,20.9974738,105.6467054
383,Thạch Thán,Quốc Oai,Hà Nội,20.8602693,105.7800155750608
384,Đồng Quang,Quốc Oai,Hà Nội,21.020479100000003,105.76395878369581
385,Phú Cát,Quốc Oai,Hà Nội,20.9589203,105.5370645
386,Tuyết Nghĩa,Quốc Oai,Hà Nội,20.9724351,105.6153764
387,Nghĩa Hương,Quốc Oai,Hà Nội,20.9724351,105.6153764
388,Cộng Hòa,Quốc Oai,Hà Nội,20.9581791,105.5670519
389,Tân Phú,Quốc Oai,Hà Nội,21.00636225,105.78709927095413
390,Đại Thành,Quốc Oai,Hà Nội,20.99645,105.5143593
391,Phú Mãn,Quốc Oai,Hà Nội,20.9589203,105.5370645
392,Cấn Hữu,Quốc Oai,Hà Nội,20.9728109,105.6140828
393,Tân Hòa,Quốc Oai,Hà Nội,21.00702625,105.7827980493808
394,Hòa Thạch,Quốc Oai,Hà Nội,20.9581791,105.5670519
395,Đông Yên,Quốc Oai,Hà Nội,20.929962,105.7161278
396,Yên Trung,Thạch Thất,Hà Nội,20.94773265,105.87074105919939
397,Yên Bình,Thạch Thất,Hà Nội,20.94773265,105.87074105919939
398,Tiến Xuân,Thạch Thất,Hà Nội,20.99439525,105.81939890126282
399,Thị trấn Liên Quan,Thạch Thất,Hà Nội,21.043016350000002,105.83662015
400,Đại Đồng,Thạch Thất,Hà Nội,10.9454632,106.8760756
401,Cẩm Yên,Thạch Thất,Hà Nội,20.94773265,105.87074105919939
402,Lại Thượng,Thạch Thất,Hà Nội,20.99645,105.5143593
403,Phú Kim,Thạch Thất,Hà Nội,10.3828019,104.4859503
404,Hương Ngải,Thạch Thất,Hà Nội,20.8755363,106.0070231
405,Canh Nậu,Thạch Thất,Hà Nội,21.0547268,105.6164211
406,Kim Quan,Thạch Thất,Hà Nội,21.043016350000002,105.83662015
407,Dị Nậu,Thạch Thất,Hà Nội,21.0482915,105.6248457
408,Bình Yên,Thạch Thất,Hà Nội,20.94773265,105.87074105919939
409,Chàng Sơn,Thạch Thất,Hà Nội,10.8352146,106.7662482
410,Thạch Hoà,Thạch Thất,Hà Nội,20.99645,105.5143593
411,Cần Kiệm,Thạch Thất,Hà Nội,21.0271196,105.8548077
412,Hữu Bằng,Thạch Thất,Hà Nội,16.4635578,107.5929085
413,Phùng Xá,Thạch Thất,Hà Nội,20.847383899999997,106.56249145599526
414,Tân Xã,Thạch Thất,Hà Nội,21.01716665,105.53844520511608
415,Thạch Xá,Thạch Thất,Hà Nội,21.01716665,105.53844520511608
416,Bình Phú,Thạch Thất,Hà Nội,20.4528848,106.34002300630824
417,Hạ Bằng,Thạch Thất,Hà Nội,21.0235566,105.55383629633194
418,Đồng Trúc,Thạch Thất,Hà Nội,21.04631115,105.83838804018913
419,Thị trấn Chúc Sơn,Chương Mỹ,Hà Nội,20.9492667,105.6796489
420,Thị trấn Xuân Mai,Chương Mỹ,Hà Nội,20.90894285,105.57622311708377
421,Phụng Châu,Chương Mỹ,Hà Nội,20.813132,105.6447726
422,Tiên Phương,Chương Mỹ,Hà Nội,20.6874217,105.6987683
423,Đông Sơn,Chương Mỹ,Hà Nội,20.8112188,105.6416502449151
424,Đông Phương Yên,Chương Mỹ,Hà Nội,20.9372552,105.7118076
425,Phú Nghĩa,Chương Mỹ,Hà Nội,20.8191596,105.6461727
426,Trường Yên,Chương Mỹ,Hà Nội,20.8743003,105.6478236
427,Ngọc Hòa,Chương Mỹ,Hà Nội,21.0266779,105.8599931
429,Thanh Bình,Chương Mỹ,Hà Nội,20.7485713,105.6391829
430,Trung Hòa,Chương Mỹ,Hà Nội,20.9337557,105.7267093
431,Đại Yên,Chương Mỹ,Hà Nội,20.8949752,105.69823
432,Thụy Hương,Chương Mỹ,Hà Nội,20.8600253,105.6553498
433,Tốt Động,Chương Mỹ,Hà Nội,20.9372552,105.7118076
434,Lam Điền,Chương Mỹ,Hà Nội,20.9145394,105.7008077
435,Tân Tiến,Chương Mỹ,Hà Nội,20.9337557,105.7267093
436,Nam Phương Tiến,Chương Mỹ,Hà Nội,20.6874217,105.6987683
437,Hợp Đồng,Chương Mỹ,Hà Nội,42.4525471,129.357748
438,Hoàng Văn Thụ,Chương Mỹ,Hà Nội,20.843595399999998,105.62428141269797
439,Hoàng Diệu,Chương Mỹ,Hà Nội,20.9337557,105.7267093
440,Hữu Văn,Chương Mỹ,Hà Nội,20.8678844,105.6614707
441,Quảng Bị,Chương Mỹ,Hà Nội,21.03077175,105.83708134572134
442,Mỹ Lương,Chương Mỹ,Hà Nội,20.9088772,105.5777773
443,Thượng Vực,Chương Mỹ,Hà Nội,20.8600253,105.6553498
444,Hồng Phong,Chương Mỹ,Hà Nội,20.9134189,105.7142692
445,Đồng Phú,Chương Mỹ,Hà Nội,20.8191596,105.6461727
446,Trần Phú,Chương Mỹ,Hà Nội,21.0213847,105.8392173
447,Văn Võ,Chương Mỹ,Hà Nội,20.843595399999998,105.62428141269797
448,Đồng Lạc,Chương Mỹ,Hà Nội,20.9372552,105.7118076
449,Hòa Chính,Chương Mỹ,Hà Nội,20.9206968,105.6964137
450,Phú Nam An,Chương Mỹ,Hà Nội,20.8191596,105.6461727
451,Thị trấn Kim Bài,Thanh Oai,Hà Nội,20.8574224,105.7630007
452,Cự Khê,Thanh Oai,Hà Nội,20.9340256,105.7981467
453,Bích Hòa,Thanh Oai,Hà Nội,20.92651995,105.7540870469401
454,Mỹ Hưng,Thanh Oai,Hà Nội,20.8755363,106.0070231
455,Cao Viên,Thanh Oai,Hà Nội,20.8602693,105.7800155750608
456,Bình Minh,Thanh Oai,Hà Nội,20.92651995,105.7540870469401
457,Tam Hưng,Thanh Oai,Hà Nội,20.8159501,105.7706533
458,Thanh Cao,Thanh Oai,Hà Nội,20.8602693,105.7800155750608
459,Thanh Thùy,Thanh Oai,Hà Nội,20.8602693,105.7800155750608
460,Thanh Mai,Thanh Oai,Hà Nội,20.8602693,105.7800155750608
461,Thanh Văn,Thanh Oai,Hà Nội,20.9305221,105.7978021
462,Đỗ Động,Thanh Oai,Hà Nội,10.96648405,106.89177554954243
463,Kim An,Thanh Oai,Hà Nội,20.8574224,105.7630007
464,Kim Thư,Thanh Oai,Hà Nội,20.8907667,105.7579007
465,Phương Trung,Thanh Oai,Hà Nội,21.0084826,105.8562486
466,Tân Ước,Thanh Oai,Hà Nội,20.9206381,105.7841751
467,Dân Hòa,Thanh Oai,Hà Nội,20.92651995,105.7540870469401
469,Cao Dương,Thanh Oai,Hà Nội,20.9305221,105.7978021
470,Xuân Dương,Thanh Oai,Hà Nội,20.9305221,105.7978021
471,Hồng Dương,Thanh Oai,Hà Nội,20.9305221,105.7978021
472,Thị trấn Thường Tín,Thường Tín,Hà Nội,20.8688635,105.840067
473,Ninh Sở,Thường Tín,Hà Nội,20.8680853,105.8591589
474,Nhị Khê,Thường Tín,Hà Nội,20.8962571,105.8427469
475,Duyên Thái,Thường Tín,Hà Nội,21.0256966,105.85384620693699
476,Khánh Hà,Thường Tín,Hà Nội,12.2822675,109.201845
477,Hòa Bình,Thường Tín,Hà Nội,20.8775026,105.8369963
478,Văn Bình,Thường Tín,Hà Nội,20.8775026,105.8369963
479,Hiền Giang,Thường Tín,Hà Nội,9.7903914,105.747571
480,Hồng Vân,Thường Tín,Hà Nội,20.8825884,105.8717919
481,Vân Tảo,Thường Tín,Hà Nội,20.8825884,105.8717919
482,Liên Phương,Thường Tín,Hà Nội,21.0926818,105.7359145
483,Văn Phú,Thường Tín,Hà Nội,20.8066153,105.8921981
484,Tự Nhiên,Thường Tín,Hà Nội,21.0416186,105.8068018
485,Tiền Phong,Thường Tín,Hà Nội,21.0572189,105.7510282
486,Hà Hồi,Thường Tín,Hà Nội,20.8319978,105.87006434087073
487,Thư Phú,Thường Tín,Hà Nội,20.7876757,105.9127824
488,Nguyễn Trãi,Thường Tín,Hà Nội,20.8704687,105.8597517
489,Quất Động,Thường Tín,Hà Nội,21.02371595,105.80206801157095
490,Chương Dương,Thường Tín,Hà Nội,20.8779937,105.8676899
491,Tân Minh,Thường Tín,Hà Nội,20.7876757,105.9127824
492,Lê Lợi,Thường Tín,Hà Nội,18.6803857,105.6687694
493,Thắng Lợi,Thường Tín,Hà Nội,18.440577,105.729182
494,Dũng Tiến,Thường Tín,Hà Nội,21.0653662,105.7532999
495,Thống Nhất,Thường Tín,Hà Nội,18.46201,105.716107
497,Tô Hiệu,Thường Tín,Hà Nội,20.8825884,105.8717919
498,Văn Tự,Thường Tín,Hà Nội,20.8825884,105.8717919
499,Vạn Điểm,Thường Tín,Hà Nội,20.8825884,105.8717919
500,Minh Cường,Thường Tín,Hà Nội,20.7876757,105.9127824
501,Thị trấn Phú Minh,Phú Xuyên,Hà Nội,10.5397952,107.4137271
502,Thị trấn Phú Xuyên,Phú Xuyên,Hà Nội,22.5463092,104.9096619
503,Hồng Minh,Phú Xuyên,Hà Nội,20.7150941,105.9648997
504,Phượng Dực,Phú Xuyên,Hà Nội,21.0764197,105.7759271
505,Nam Tiến,Phú Xuyên,Hà Nội,20.72904585,105.91023981311886
506,Tri Trung,Phú Xuyên,Hà Nội,10.96648405,106.89177554954243
507,Đại Thắng,Phú Xuyên,Hà Nội,10.3687637,105.4335027
508,Phú Túc,Phú Xuyên,Hà Nội,20.72904585,105.91023981311886
509,Văn Hoàng,Phú Xuyên,Hà Nội,20.7150941,105.9648997
510,Hồng Thái,Phú Xuyên,Hà Nội,20.7150941,105.9648997
511,Hoàng Long,Phú Xuyên,Hà Nội,21.0356556,105.840271
512,Quang Trung,Phú Xuyên,Hà Nội,21.01841295,105.84582106126307
513,Nam Phong,Phú Xuyên,Hà Nội,20.72904585,105.91023981311886
514,Nam Triều,Phú Xuyên,Hà Nội,20.72904585,105.91023981311886
515,Tân Dân,Phú Xuyên,Hà Nội,10.3916889,105.4214775
516,Sơn Hà,Phú Xuyên,Hà Nội,20.7339452,105.8733951
518,Khai Thái,Phú Xuyên,Hà Nội,10.3939383,105.421522
519,Phúc Tiến,Phú Xuyên,Hà Nội,20.72904585,105.91023981311886
520,Vân Từ,Phú Xuyên,Hà Nội,21.2863591,105.6638094
521,Tri Thủy,Phú Xuyên,Hà Nội,21.0836583,105.79805409261579
522,Đại Xuyên,Phú Xuyên,Hà Nội,20.705030999999998,105.91779114700547
523,Phú Yên,Phú Xuyên,Hà Nội,20.72904585,105.91023981311886
524,Bạch Hạ,Phú Xuyên,Hà Nội,20.72904585,105.91023981311886
525,Quang Lãng,Phú Xuyên,Hà Nội,21.03679745,105.83471421151212
526,Châu Can,Phú Xuyên,Hà Nội,21.3930602,105.3128227
527,Minh Tân,Phú Xuyên,Hà Nội,21.035622850000003,105.8326415146455
528,Thị trấn Vân Đình,Ứng Hòa,Hà Nội,20.6938586,105.7693251
529,Viên An,Ứng Hòa,Hà Nội,20.7110772,105.81433035379561
530,Viên Nội,Ứng Hòa,Hà Nội,20.7303878,105.7717067
531,Hoa Sơn,Ứng Hòa,Hà Nội,20.7279188,105.7828
532,Quảng Phú Cầu,Ứng Hòa,Hà Nội,21.0355637,105.8552352
533,Trường Thịnh,Ứng Hòa,Hà Nội,10.8702524,106.8009562
534,Cao Thành,Ứng Hòa,Hà Nội,21.0356556,105.840271
535,Liên Bạt,Ứng Hòa,Hà Nội,21.06644225,105.78655145381978
536,Sơn Công,Ứng Hòa,Hà Nội,10.8733499,106.8081782
537,Đồng Tiến,Ứng Hòa,Hà Nội,42.2837384,129.5732367
538,Phương Tú,Ứng Hòa,Hà Nội,21.04310485,105.83517014986401
539,Trung Tú,Ứng Hòa,Hà Nội,21.00702625,105.7827980493808
540,Đồng Tân,Ứng Hòa,Hà Nội,10.96648405,106.89177554954243
541,Tảo Dương Văn,Ứng Hòa,Hà Nội,20.7055625,105.8434918
542,Vạn Thái,Ứng Hòa,Hà Nội,20.7358969,105.7685083
543,Minh Đức,Ứng Hòa,Hà Nội,10.8733499,106.8081782
544,Hòa Lâm,Ứng Hòa,Hà Nội,20.7110772,105.81433035379561
545,Hòa Xá,Ứng Hòa,Hà Nội,20.7110772,105.81433035379561
546,Trầm Lộng,Ứng Hòa,Hà Nội,21.0113174,105.7206738
547,Kim Đường,Ứng Hòa,Hà Nội,21.0355637,105.8552352
548,Hòa Nam,Ứng Hòa,Hà Nội,20.7110772,105.81433035379561
549,Hòa Phú,Ứng Hòa,Hà Nội,20.7110772,105.81433035379561
550,Đội Bình,Ứng Hòa,Hà Nội,10.9037185,106.8454967
551,Đại Hùng,Ứng Hòa,Hà Nội,20.7290349,105.8033405
552,Đông Lỗ,Ứng Hòa,Hà Nội,10.9032565,106.8437329
553,Phù Lưu,Ứng Hòa,Hà Nội,10.8733499,106.8081782
554,Đại Cường,Ứng Hòa,Hà Nội,20.7290349,105.8033405
555,Lưu Hoàng,Ứng Hòa,Hà Nội,20.9854685,105.8511413
556,Hồng Quang,Ứng Hòa,Hà Nội,21.0528017,105.848252
557,Thị trấn Đại Nghĩa,Mỹ Đức,Hà Nội,20.7601501,105.6985779
558,Đồng Tâm,Mỹ Đức,Hà Nội,21.020479100000003,105.76395878369581
559,Thượng Lâm,Mỹ Đức,Hà Nội,20.73530745,105.91562080640898
560,Tuy Lai,Mỹ Đức,Hà Nội,20.685894,105.7408725
561,Phúc Lâm,Mỹ Đức,Hà Nội,21.3934243,105.3001006
562,Mỹ Thành,Mỹ Đức,Hà Nội,20.6970934,105.71484456865542
563,Bột Xuyên,Mỹ Đức,Hà Nội,21.0305247,105.8474857
564,An Mỹ,Mỹ Đức,Hà Nội,20.7612967,105.6774282
565,Hồng Sơn,Mỹ Đức,Hà Nội,20.5968903,105.7701584
566,Lê Thanh,Mỹ Đức,Hà Nội,21.020479100000003,105.76395878369581
567,Xuy Xá,Mỹ Đức,Hà Nội,20.8755363,106.0070231
568,Phùng Xá,Mỹ Đức,Hà Nội,10.8197068,106.7581609
569,Phù Lưu Tế,Mỹ Đức,Hà Nội,21.04557605,105.86850210654907
570,Đại Hưng,Mỹ Đức,Hà Nội,20.6836492,105.7437767
571,Vạn Kim,Mỹ Đức,Hà Nội,21.020479100000003,105.76395878369581
572,Đốc Tín,Mỹ Đức,Hà Nội,20.8455236,106.0481499
573,Hương Sơn,Mỹ Đức,Hà Nội,20.5968903,105.7701584
574,Hùng Tiến,Mỹ Đức,Hà Nội,20.8755363,106.0070231
575,An Tiến,Mỹ Đức,Hà Nội,10.597084800000001,107.12596465
576,Hợp Tiến,Mỹ Đức,Hà Nội,21.0249713,105.8595838
577,Hợp Thanh,Mỹ Đức,Hà Nội,20.9623136,105.7164231
578,An Phú,Mỹ Đức,Hà Nội,10.8905053,106.8215261
579,Hòa Hiệp Bắc,Liên Chiểu,Đà Nẵng,16.0898917,108.1196283
580,Hòa Hiệp Nam,Liên Chiểu,Đà Nẵng,16.0898917,108.1196283
581,Hòa Khánh Bắc,Liên Chiểu,Đà Nẵng,16.0710888,108.1360109
582,Hòa Khánh Nam,Liên Chiểu,Đà Nẵng,16.0710888,108.1360109
583,Hòa Minh,Liên Chiểu,Đà Nẵng,16.0761261,108.1559351
584,Tam Thuận,Thanh Khê,Đà Nẵng,16.068,108.212
585,Thanh Khê Tây,Thanh Khê,Đà Nẵng,16.068661,108.2087874
586,Thanh Khê Đông,Thanh Khê,Đà Nẵng,16.0721865,108.2130789
587,Xuân Hà,Thanh Khê,Đà Nẵng,16.0686649,108.1960697
588,Tân Chính,Thanh Khê,Đà Nẵng,16.0691287,108.20641593410045
589,Chính Gián,Thanh Khê,Đà Nẵng,16.0645247,108.202932
590,Vĩnh Trung,Thanh Khê,Đà Nẵng,16.0667769,108.2137381
591,Thạc Gián,Thanh Khê,Đà Nẵng,16.068,108.212
592,An Khê,Thanh Khê,Đà Nẵng,16.0636178,108.1820491
593,Hòa Khê,Thanh Khê,Đà Nẵng,16.0413845,108.1888453
594,Thanh Bình,Hải Châu,Đà Nẵng,16.07978395,108.21097605695962
595,Thuận Phước,Hải Châu,Đà Nẵng,16.0881261,108.2149547
596,Thạch Thang,Hải Châu,Đà Nẵng,16.0425792,108.19715873236427
597,Hải Châu  I,Hải Châu,Đà Nẵng,16.0425792,108.19715873236427
598,Hải Châu II,Hải Châu,Đà Nẵng,16.06117575,108.22018543711415
599,Phước Ninh,Hải Châu,Đà Nẵng,16.0881261,108.2149547
600,Hòa Thuận Tây,Hải Châu,Đà Nẵng,16.060143449999998,108.22306213272593
601,Hòa Thuận Đông,Hải Châu,Đà Nẵng,16.0272985,108.22089876283037
602,Nam Dương,Hải Châu,Đà Nẵng,16.0425792,108.19715873236427
603,Bình Hiên,Hải Châu,Đà Nẵng,16.042227,108.2182436
604,Bình Thuận,Hải Châu,Đà Nẵng,16.0425792,108.19715873236427
605,Hòa Cường Bắc,Hải Châu,Đà Nẵng,16.029414,108.22152446446256
606,Hòa Cường Nam,Hải Châu,Đà Nẵng,16.029414,108.22152446446256
607,Thọ Quang,Sơn Trà,Đà Nẵng,16.05724665,108.23159092400459
608,Nại Hiên Đông,Sơn Trà,Đà Nẵng,16.0917171,108.230895
609,Mân Thái,Sơn Trà,Đà Nẵng,16.05724665,108.23159092400459
610,An Hải Bắc,Sơn Trà,Đà Nẵng,16.0861513,108.2383089
611,Phước Mỹ,Sơn Trà,Đà Nẵng,16.0667505,108.2417712
612,An Hải Tây,Sơn Trà,Đà Nẵng,16.0799195,108.2312225
613,An Hải Đông,Sơn Trà,Đà Nẵng,16.0562572,108.2390817
614,Mỹ An,Ngũ Hành Sơn,Đà Nẵng,16.0423683,108.2371325
615,Khuê Mỹ,Ngũ Hành Sơn,Đà Nẵng,16.0379822,108.2472624
616,Hoà Quý,Ngũ Hành Sơn,Đà Nẵng,15.9869884,108.23410955977837
617,Hoà Hải,Ngũ Hành Sơn,Đà Nẵng,15.979241,108.2508611
618,Khuê Trung,Cẩm Lệ,Đà Nẵng,16.027014649999998,108.21703788630981
619,Hòa Phát,Cẩm Lệ,Đà Nẵng,16.041515850000003,108.18384789912068
620,Hòa An,Cẩm Lệ,Đà Nẵng,16.0116328,108.2065771
621,Hòa Thọ Tây,Cẩm Lệ,Đà Nẵng,16.019517450000002,108.20170549548365
622,Hòa Thọ Đông,Cẩm Lệ,Đà Nẵng,16.019517450000002,108.20170549548365
623,Hòa Xuân,Cẩm Lệ,Đà Nẵng,16.0252344,108.2220335
624,Hòa Bắc,Hòa Vang,Đà Nẵng,16.1329217,107.9588967
625,Hòa Liên,Hòa Vang,Đà Nẵng,16.0888772,108.103724
626,Hòa Ninh,Hòa Vang,Đà Nẵng,15.9740351,108.1334533
627,Hòa Sơn,Hòa Vang,Đà Nẵng,16.012899,108.047833
628,Hòa Nhơn,Hòa Vang,Đà Nẵng,16.0666484,107.9736637361818
629,Hòa Phú,Hòa Vang,Đà Nẵng,15.966827,108.0358514
630,Hòa Phong,Hòa Vang,Đà Nẵng,16.0255198,108.0308928
631,Hòa Châu,Hòa Vang,Đà Nẵng,15.968777,108.139329
632,Hòa Tiến,Hòa Vang,Đà Nẵng,16.0244662,108.0262303
633,Hòa Phước,Hòa Vang,Đà Nẵng,16.046948,108.067832
634,Hòa Khương,Hòa Vang,Đà Nẵng,16.015869,108.13169
636,Tân Định,1,Hồ Chí Minh,10.7932029,106.6902032
637,Đa Kao,1,Hồ Chí Minh,10.7884755,106.698318
638,Bến Nghé,1,Hồ Chí Minh,10.7812343,106.7026503
639,Bến Thành,1,Hồ Chí Minh,10.7728665,106.6943
640,Nguyễn Thái Bình,1,Hồ Chí Minh,10.7688283,106.6987969
641,Phạm Ngũ Lão,1,Hồ Chí Minh,10.7667074,106.6920012
642,Cầu Ông Lãnh,1,Hồ Chí Minh,10.7654593,106.69658797110938
643,Cô Giang,1,Hồ Chí Minh,10.7620099,106.6933648
644,Nguyễn Cư Trinh,1,Hồ Chí Minh,10.76239705,106.68665136232516
645,Cầu Kho,1,Hồ Chí Minh,10.75752515,106.68890022585315
646,Thạnh Xuân,12,Hồ Chí Minh,10.885599,106.6689676
647,Thạnh Lộc,12,Hồ Chí Minh,10.8783651,106.6845103
648,Hiệp Thành,12,Hồ Chí Minh,10.8790268,106.6376653
649,Thới An,12,Hồ Chí Minh,10.8771786,106.6536109
650,Tân Chánh Hiệp,12,Hồ Chí Minh,10.867832,106.624835
652,Tân Thới Hiệp,12,Hồ Chí Minh,10.8670523,106.6425376
653,Trung Mỹ Tây,12,Hồ Chí Minh,10.849895,106.6168641
654,Tân Hưng Thuận,12,Hồ Chí Minh,10.8409841,106.6218738
655,Đông Hưng Thuận,12,Hồ Chí Minh,10.8462738,106.6316585
656,Tân Thới Nhất,12,Hồ Chí Minh,10.8305097,106.611896
657,Linh Xuân,Thủ Đức,Hồ Chí Minh,10.8810356,106.7706391465905
658,Bình Chiểu,Thủ Đức,Hồ Chí Minh,10.8798889,106.7296814
659,Linh Trung,Thủ Đức,Hồ Chí Minh,10.8630869,106.7756773
660,Tam Bình,Thủ Đức,Hồ Chí Minh,10.8678708,106.7348233
661,Tam Phú,Thủ Đức,Hồ Chí Minh,10.8631083,106.7434492
662,Hiệp Bình Phước,Thủ Đức,Hồ Chí Minh,10.8489663,106.7206215
663,Hiệp Bình Chánh,Thủ Đức,Hồ Chí Minh,10.8300283,106.7220192
664,Linh Chiểu,Thủ Đức,Hồ Chí Minh,10.8542112,106.7626813
665,Linh Tây,Thủ Đức,Hồ Chí Minh,10.86065,106.7557976
666,Linh Đông,Thủ Đức,Hồ Chí Minh,10.8518876,106.7454564
667,Bình Thọ,Thủ Đức,Hồ Chí Minh,10.845424,106.7664221
668,Trường Thọ,Thủ Đức,Hồ Chí Minh,10.8324174,106.75644385646788
669,Long Bình,9,Hồ Chí Minh,10.8696034,106.8396029
670,Long Thạnh Mỹ,9,Hồ Chí Minh,10.8416776,106.8244686
671,Tân Phú,9,Hồ Chí Minh,10.8572319,106.8024259
672,Hiệp Phú,9,Hồ Chí Minh,10.8467617,106.7784041
673,Tăng Nhơn Phú A,9,Hồ Chí Minh,10.8455096,106.7870575
674,Tăng Nhơn Phú B,9,Hồ Chí Minh,10.8360269,106.7829133
675,Phước Long B,9,Hồ Chí Minh,10.8246421,106.7759877
676,Phước Long A,9,Hồ Chí Minh,10.8251882,106.7647327
677,Trường Thạnh,9,Hồ Chí Minh,10.8152397,106.8252216
678,Long Phước,9,Hồ Chí Minh,10.8093759,106.8595957
679,Long Trường,9,Hồ Chí Minh,10.8047073,106.8172969
680,Phước Bình,9,Hồ Chí Minh,10.8157784,106.7743933
681,Phú Hữu,9,Hồ Chí Minh,10.7917144,106.7978593
682,15,Gò Vấp,Hồ Chí Minh,10.8519381,106.668944
683,13,Gò Vấp,Hồ Chí Minh,10.8540577,106.6588906
684,17,Gò Vấp,Hồ Chí Minh,10.8375292,106.6781064
685,6,Gò Vấp,Hồ Chí Minh,10.8417895,106.6820104
686,16,Gò Vấp,Hồ Chí Minh,10.8457875,106.667346
687,12,Gò Vấp,Hồ Chí Minh,10.8376694,106.6406771
688,14,Gò Vấp,Hồ Chí Minh,10.8430374,106.6371653
689,10,Gò Vấp,Hồ Chí Minh,10.8344417,106.6708075
690,05,Gò Vấp,Hồ Chí Minh,10.84015,106.6710828
691,07,Gò Vấp,Hồ Chí Minh,10.84015,106.6710828
692,04,Gò Vấp,Hồ Chí Minh,10.8448617,106.6414775
693,01,Gò Vấp,Hồ Chí Minh,10.83572165,106.68805961886548
694,9,Gò Vấp,Hồ Chí Minh,10.845985,106.6527855
695,8,Gò Vấp,Hồ Chí Minh,10.8402807,106.6517274
696,11,Gò Vấp,Hồ Chí Minh,10.8381769,106.6617468
697,03,Gò Vấp,Hồ Chí Minh,10.84015,106.6710828
698,13,Bình Thạnh,Hồ Chí Minh,10.8251078,106.7040422
699,11,Bình Thạnh,Hồ Chí Minh,10.8160766,106.693555
700,27,Bình Thạnh,Hồ Chí Minh,10.817668,106.7200925
701,26,Bình Thạnh,Hồ Chí Minh,10.8126728,106.7096212
702,12,Bình Thạnh,Hồ Chí Minh,10.8122091,106.6994073
703,25,Bình Thạnh,Hồ Chí Minh,10.8049376,106.7182472
704,05,Bình Thạnh,Hồ Chí Minh,10.7235273,106.6329172
705,07,Bình Thạnh,Hồ Chí Minh,10.9386344,106.6436918
706,24,Bình Thạnh,Hồ Chí Minh,10.8057596,106.7036345
707,06,Bình Thạnh,Hồ Chí Minh,10.9733563,106.639501
708,14,Bình Thạnh,Hồ Chí Minh,10.8052565,106.6969985
709,15,Bình Thạnh,Hồ Chí Minh,10.7964012,106.70033
710,02,Bình Thạnh,Hồ Chí Minh,10.7943801,106.6408982
711,01,Bình Thạnh,Hồ Chí Minh,10.7983099,106.6417176
712,03,Bình Thạnh,Hồ Chí Minh,10.6176053,106.8042916
713,17,Bình Thạnh,Hồ Chí Minh,10.7964222,106.7070463
714,21,Bình Thạnh,Hồ Chí Minh,10.795558,106.7119172
715,22,Bình Thạnh,Hồ Chí Minh,10.7933816,106.7188754
716,19,Bình Thạnh,Hồ Chí Minh,10.7910353,106.7090919
717,28,Bình Thạnh,Hồ Chí Minh,10.8232953,106.7393615
718,02,Tân Bình,Hồ Chí Minh,10.5308127,106.3573326
719,04,Tân Bình,Hồ Chí Minh,10.7979794,106.6538054
720,12,Tân Bình,Hồ Chí Minh,10.796826,106.649493
721,13,Tân Bình,Hồ Chí Minh,10.8012812,106.6419371
722,01,Tân Bình,Hồ Chí Minh,10.7983099,106.6417176
723,03,Tân Bình,Hồ Chí Minh,10.7443058,106.6182294
724,11,Tân Bình,Hồ Chí Minh,10.7896836,106.6500711
725,07,Tân Bình,Hồ Chí Minh,10.9651835,106.5126479
726,05,Tân Bình,Hồ Chí Minh,10.7580632,106.6061313
727,10,Tân Bình,Hồ Chí Minh,10.7789263,106.6475902
728,06,Tân Bình,Hồ Chí Minh,10.7448121,106.6124291
729,08,Tân Bình,Hồ Chí Minh,10.8109552,106.6939936
730,09,Tân Bình,Hồ Chí Minh,10.7847356,106.6579622
731,14,Tân Bình,Hồ Chí Minh,10.7957164,106.6414288
732,15,Tân Bình,Hồ Chí Minh,10.8216276,106.6339246
733,Tân Sơn Nhì,Tân Phú,Hồ Chí Minh,10.7996935,106.6315456
734,Tây Thạnh,Tân Phú,Hồ Chí Minh,10.8128209,106.6240969
735,Sơn Kỳ,Tân Phú,Hồ Chí Minh,10.8040591,106.6227836
736,Tân Quý,Tân Phú,Hồ Chí Minh,10.7947853,106.6217612
737,Tân Thành,Tân Phú,Hồ Chí Minh,10.7916403,106.6273015
738,Phú Thọ Hòa,Tân Phú,Hồ Chí Minh,10.7844544,106.6266979
739,Phú Thạnh,Tân Phú,Hồ Chí Minh,10.7916403,106.6273015
740,Phú Trung,Tân Phú,Hồ Chí Minh,10.9397584,106.537922
741,Hòa Thạnh,Tân Phú,Hồ Chí Minh,10.7793299,106.6376194
742,Hiệp Tân,Tân Phú,Hồ Chí Minh,10.7704427,106.6264825
743,Tân Thới Hòa,Tân Phú,Hồ Chí Minh,10.7638941,106.6317066
744,04,Phú Nhuận,Hồ Chí Minh,10.7957585,106.6922576
745,05,Phú Nhuận,Hồ Chí Minh,10.8001182,106.6770417
746,09,Phú Nhuận,Hồ Chí Minh,10.8001182,106.6770417
747,07,Phú Nhuận,Hồ Chí Minh,10.8001182,106.6770417
748,03,Phú Nhuận,Hồ Chí Minh,10.8095103,106.6780524
749,01,Phú Nhuận,Hồ Chí Minh,10.8001182,106.6770417
750,02,Phú Nhuận,Hồ Chí Minh,10.7957855,106.6872284
751,08,Phú Nhuận,Hồ Chí Minh,10.7921893,106.681367
752,15,Phú Nhuận,Hồ Chí Minh,10.7959341,106.6791511
753,10,Phú Nhuận,Hồ Chí Minh,10.7954868,106.6716112
754,11,Phú Nhuận,Hồ Chí Minh,10.7929518,106.6749979
755,17,Phú Nhuận,Hồ Chí Minh,10.7939156,106.682204
756,14,Phú Nhuận,Hồ Chí Minh,10.7919359,106.6683203
757,12,Phú Nhuận,Hồ Chí Minh,10.7922953,106.6787522
758,13,Phú Nhuận,Hồ Chí Minh,10.7900327,106.6698214
759,Thảo Điền,2,Hồ Chí Minh,10.8080953,106.7304745
760,An Phú,2,Hồ Chí Minh,10.7914612,106.745545
761,Bình An,2,Hồ Chí Minh,10.7936039,106.730427
762,Bình Trưng Đông,2,Hồ Chí Minh,10.7887445,106.7719834
763,Bình Trưng Tây,2,Hồ Chí Minh,10.7863513,106.764021
764,Bình Khánh,2,Hồ Chí Minh,10.7831221,106.7373656
765,An Khánh,2,Hồ Chí Minh,10.779678,106.7177919
766,Cát Lái,2,Hồ Chí Minh,10.7691633,106.7860907
767,Thạnh Mỹ Lợi,2,Hồ Chí Minh,10.7631632,106.7655988
768,An Lợi Đông,2,Hồ Chí Minh,10.7664593,106.7268571
769,Thủ Thiêm,2,Hồ Chí Minh,10.7738271,106.721899
770,08,3,Hồ Chí Minh,10.8191875,106.6920252
771,07,3,Hồ Chí Minh,10.9504356,106.5319776
772,14,3,Hồ Chí Minh,10.7895656,106.6786342
773,12,3,Hồ Chí Minh,10.7882328,106.67367380680389
774,11,3,Hồ Chí Minh,10.7866883,106.66977860073453
775,13,3,Hồ Chí Minh,10.7863145,106.6778478
776,06,3,Hồ Chí Minh,10.800933,106.7423029
777,09,3,Hồ Chí Minh,10.7416426,106.646249
778,10,3,Hồ Chí Minh,10.7814723,106.6760941
779,04,3,Hồ Chí Minh,10.7709814,106.7009723
780,05,3,Hồ Chí Minh,10.8026479,106.6951662
781,03,3,Hồ Chí Minh,10.7688081,106.6936125
782,02,3,Hồ Chí Minh,10.7888297,106.6877111
783,01,3,Hồ Chí Minh,10.7405292,106.6291849
784,15,10,Hồ Chí Minh,10.78125455,106.6652255227059
785,13,10,Hồ Chí Minh,10.779581,106.6713801
786,14,10,Hồ Chí Minh,10.7729399,106.66119585974796
787,12,10,Hồ Chí Minh,10.7719416,106.6697907
788,11,10,Hồ Chí Minh,10.7733613,106.6786777
789,10,10,Hồ Chí Minh,21.03679745,105.83471421151212
790,09,10,Hồ Chí Minh,21.03679745,105.83471421151212
791,01,10,Hồ Chí Minh,10.7405292,106.6291849
792,08,10,Hồ Chí Minh,10.8047048,106.6899292
793,02,10,Hồ Chí Minh,10.7947128,106.6886052
794,04,10,Hồ Chí Minh,10.7957585,106.6922576
795,07,10,Hồ Chí Minh,10.970129,106.4928343
796,05,10,Hồ Chí Minh,21.03679745,105.83471421151212
797,06,10,Hồ Chí Minh,10.800933,106.7423029
798,03,10,Hồ Chí Minh,10.7688081,106.6936125
799,15,11,Hồ Chí Minh,10.7733674,106.654863
800,05,11,Hồ Chí Minh,10.7642079,106.6432818
801,14,11,Hồ Chí Minh,10.7691636,106.6484602
802,11,11,Hồ Chí Minh,10.7642079,106.6432818
803,03,11,Hồ Chí Minh,10.7688081,106.6936125
804,10,11,Hồ Chí Minh,10.7733613,106.6786777
805,13,11,Hồ Chí Minh,10.7640308,106.6554063
806,08,11,Hồ Chí Minh,10.8109552,106.6939936
807,09,11,Hồ Chí Minh,10.870677650000001,106.82440971866704
808,12,11,Hồ Chí Minh,10.76143525,106.6533613751033
809,07,11,Hồ Chí Minh,10.9684354,106.4828799
810,06,11,Hồ Chí Minh,10.8373142,106.6644439
811,04,11,Hồ Chí Minh,10.7688081,106.6936125
812,01,11,Hồ Chí Minh,10.8370192,106.6646223
813,02,11,Hồ Chí Minh,10.7930541,106.683836
814,16,11,Hồ Chí Minh,10.7540747,106.6483504
815,12,4,Hồ Chí Minh,10.765959800000001,106.7052278160387
816,13,4,Hồ Chí Minh,10.761881,106.7090703
817,09,4,Hồ Chí Minh,10.7535459,106.6954491
818,06,4,Hồ Chí Minh,10.9849688,106.5442797
819,08,4,Hồ Chí Minh,10.8197569,106.6925803
820,10,4,Hồ Chí Minh,10.7614467,106.7057076
821,05,4,Hồ Chí Minh,16.0328975,108.22624635526338
822,18,4,Hồ Chí Minh,10.7576228,106.7176588
823,14,4,Hồ Chí Minh,10.7580938,106.7088464
824,04,4,Hồ Chí Minh,10.7709814,106.7009723
825,03,4,Hồ Chí Minh,10.7561567,106.7025903
826,16,4,Hồ Chí Minh,10.7557255,106.7123051
827,02,4,Hồ Chí Minh,10.791274,106.686535
828,15,4,Hồ Chí Minh,10.7548217,106.7070064
829,01,4,Hồ Chí Minh,10.8026438,106.7308607
830,04,5,Hồ Chí Minh,10.7688081,106.6936125
831,09,5,Hồ Chí Minh,10.8573302,106.6874741
832,03,5,Hồ Chí Minh,10.7688081,106.6936125
833,12,5,Hồ Chí Minh,10.7555385,106.6590636
834,02,5,Hồ Chí Minh,10.795809,106.6836399
835,08,5,Hồ Chí Minh,10.8115218,106.6935526
836,15,5,Hồ Chí Minh,10.7553559,106.6541318
837,07,5,Hồ Chí Minh,10.956584,106.5228071
838,01,5,Hồ Chí Minh,10.83572165,106.68805961886548
839,11,5,Hồ Chí Minh,10.7542161,106.66244759698904
840,14,5,Hồ Chí Minh,10.7524151,106.6549489
841,05,5,Hồ Chí Minh,10.756129,106.6703755
842,06,5,Hồ Chí Minh,10.790673,106.7194882
843,10,5,Hồ Chí Minh,10.7512949,106.6637264
844,13,5,Hồ Chí Minh,10.7497533,106.6577143
845,14,6,Hồ Chí Minh,10.7593156,106.6262779
846,13,6,Hồ Chí Minh,10.7534075,106.6310523
847,09,6,Hồ Chí Minh,10.7847356,106.6579622
848,06,6,Hồ Chí Minh,10.7457466,106.7071018
849,12,6,Hồ Chí Minh,10.7498854,106.6342064520696
850,05,6,Hồ Chí Minh,10.746928,106.6344946
851,11,6,Hồ Chí Minh,10.7456458,106.6325866
853,01,6,Hồ Chí Minh,10.7405292,106.6291849
854,04,6,Hồ Chí Minh,10.7709814,106.7009723
855,08,6,Hồ Chí Minh,10.8373905,106.6823237
856,03,6,Hồ Chí Minh,10.6176053,106.8042916
857,07,6,Hồ Chí Minh,10.9485093,106.5266199
858,10,6,Hồ Chí Minh,10.737073,106.6263651
859,08,8,Hồ Chí Minh,10.8282893,106.6110119
860,02,8,Hồ Chí Minh,10.7888297,106.6877111
861,01,8,Hồ Chí Minh,10.8574819,106.6653206
862,03,8,Hồ Chí Minh,10.8656588,106.6509168
863,11,8,Hồ Chí Minh,10.74906,106.6653051
864,09,8,Hồ Chí Minh,10.742786,106.7086078
865,10,8,Hồ Chí Minh,10.745609,106.664118
866,04,8,Hồ Chí Minh,10.7957585,106.6922576
867,13,8,Hồ Chí Minh,10.7455994,106.6570292
868,12,8,Hồ Chí Minh,10.7416248,106.6535679
869,05,8,Hồ Chí Minh,16.0328975,108.22624635526338
870,14,8,Hồ Chí Minh,10.7392822,106.6475797
871,06,8,Hồ Chí Minh,10.8875971,106.6485096
872,15,8,Hồ Chí Minh,10.7330671,106.6374811
873,16,8,Hồ Chí Minh,10.7404005,106.6658429
874,07,8,Hồ Chí Minh,10.9738222,106.4958031
875,Bình Hưng Hòa,Bình Tân,Hồ Chí Minh,10.801901,106.604118
876,Bình Hưng Hoà A,Bình Tân,Hồ Chí Minh,10.7840089,106.6103708
877,Bình Hưng Hoà B,Bình Tân,Hồ Chí Minh,10.8139762,106.5942042
878,Bình Trị Đông,Bình Tân,Hồ Chí Minh,10.7639014,106.6182036
879,Bình Trị Đông A,Bình Tân,Hồ Chí Minh,10.7689538,106.6021101
880,Bình Trị Đông B,Bình Tân,Hồ Chí Minh,10.7487536,106.611218
881,Tân Tạo,Bình Tân,Hồ Chí Minh,10.7603122,106.5888182
882,Tân Tạo A,Bình Tân,Hồ Chí Minh,10.7452355,106.5852355
883, An Lạc,Bình Tân,Hồ Chí Minh,10.7234153,106.6157615
884,An Lạc A,Bình Tân,Hồ Chí Minh,10.7510502,106.6220532
885,Tân Thuận Đông,7,Hồ Chí Minh,10.7498,106.7340175
886,Tân Thuận Tây,7,Hồ Chí Minh,10.7518495,106.7210763
887,Tân Kiểng,7,Hồ Chí Minh,10.7492033,106.7101568
888,Tân Hưng,7,Hồ Chí Minh,10.7460744,106.6963946
889,Bình Thuận,7,Hồ Chí Minh,10.74395655,106.72266003027252
890,Tân Quy,7,Hồ Chí Minh,10.7430113,106.7092496
891,Phú Thuận,7,Hồ Chí Minh,10.7284842,106.7390051
892,Tân Phú,7,Hồ Chí Minh,10.7251178,106.7282506
893,Tân Phong,7,Hồ Chí Minh,10.7261719,106.7100647
894,Phú Mỹ,7,Hồ Chí Minh,10.7086888,106.7342406
895,Thị trấn Củ Chi,Củ Chi,Hồ Chí Minh,10.9756093,106.499711
896,Phú Mỹ Hưng,Củ Chi,Hồ Chí Minh,11.1310949,106.47889
897,An Phú,Củ Chi,Hồ Chí Minh,11.1116036,106.5064582
898,Trung Lập Thượng,Củ Chi,Hồ Chí Minh,11.0519838,106.450625
899,An Nhơn Tây,Củ Chi,Hồ Chí Minh,11.0878515,106.5123882
900,Nhuận Đức,Củ Chi,Hồ Chí Minh,11.0342969,106.4870858
901,Phạm Văn Cội,Củ Chi,Hồ Chí Minh,11.0615098,106.52761099583853
902,Phú Hòa Đông,Củ Chi,Hồ Chí Minh,11.0255461,106.5642547
903,Trung Lập Hạ,Củ Chi,Hồ Chí Minh,11.0087228,106.4706554
904,Trung An,Củ Chi,Hồ Chí Minh,10.9962479,106.5928024
905,Phước Thạnh,Củ Chi,Hồ Chí Minh,11.0048311,106.4319386
906,Phước Hiệp,Củ Chi,Hồ Chí Minh,10.9897579,106.4508993
907,Tân An Hội,Củ Chi,Hồ Chí Minh,10.9610185,106.4727468
908,Phước Vĩnh An,Củ Chi,Hồ Chí Minh,10.9844682,106.5216949
909,Thái Mỹ,Củ Chi,Hồ Chí Minh,10.9904575,106.4104843
910,Tân Thạnh Tây,Củ Chi,Hồ Chí Minh,10.9840048,106.5623142
911,Hòa Phú,Củ Chi,Hồ Chí Minh,10.9800416,106.6161409
912,Tân Thạnh Đông,Củ Chi,Hồ Chí Minh,10.9613231,106.5945167
913,Bình Mỹ,Củ Chi,Hồ Chí Minh,10.9386344,106.6436918
914,Tân Phú Trung,Củ Chi,Hồ Chí Minh,10.9397584,106.537922
915,Tân Thông Hội,Củ Chi,Hồ Chí Minh,10.9555378,106.5138833
916,Thị trấn Hóc Môn,Hóc Môn,Hồ Chí Minh,10.8892246,106.5960603
917,Tân Hiệp,Hóc Môn,Hồ Chí Minh,10.9078504,106.5971484
918,Nhị Bình,Hóc Môn,Hồ Chí Minh,10.9139823,106.6737156
919,Đông Thạnh,Hóc Môn,Hồ Chí Minh,10.9080952,106.6437106
920,Tân Thới Nhì,Hóc Môn,Hồ Chí Minh,10.8964501,106.5777418
921,Thới Tam Thôn,Hóc Môn,Hồ Chí Minh,10.8887467,106.6102118
922,Xuân Thới Sơn,Hóc Môn,Hồ Chí Minh,10.8770923,106.5804707
923,Tân Xuân,Hóc Môn,Hồ Chí Minh,10.8774266,106.6001655
924,Xuân Thới Đông,Hóc Môn,Hồ Chí Minh,10.8675888,106.5901034
925,Trung Chánh,Hóc Môn,Hồ Chí Minh,10.8634256,106.6085058
926,Xuân Thới Thượng,Hóc Môn,Hồ Chí Minh,10.8630326,106.5669355
927,Bà Điểm,Hóc Môn,Hồ Chí Minh,10.8403492,106.5996544
928,Thị trấn Tân Túc,Bình Chánh,Hồ Chí Minh,10.68641665,106.57068810245231
929,Phạm Văn Hai,Bình Chánh,Hồ Chí Minh,10.7750675,106.5441059
930,Vĩnh Lộc A,Bình Chánh,Hồ Chí Minh,10.8131514,106.5780256
931,Vĩnh Lộc B,Bình Chánh,Hồ Chí Minh,10.7983505,106.5608132
932,Bình Lợi,Bình Chánh,Hồ Chí Minh,10.7531534,106.4809775
933,Lê Minh Xuân,Bình Chánh,Hồ Chí Minh,10.7774265,106.5375315
934,Tân Nhựt,Bình Chánh,Hồ Chí Minh,10.7106283,106.5543239
935,Tân Kiên,Bình Chánh,Hồ Chí Minh,10.7031726,106.5952499
936,Bình Hưng,Bình Chánh,Hồ Chí Minh,10.7276522,106.6649147
937,Phong Phú,Bình Chánh,Hồ Chí Minh,10.7033479,106.6556901
938,An Phú Tây,Bình Chánh,Hồ Chí Minh,10.6844007,106.6072036
939,Hưng Long,Bình Chánh,Hồ Chí Minh,10.6584649,106.627991
940,Đa Phước,Bình Chánh,Hồ Chí Minh,10.6635548,106.6513603
941,Tân Quý Tây,Bình Chánh,Hồ Chí Minh,10.6647663,106.5956558
943,Quy Đức,Bình Chánh,Hồ Chí Minh,10.6480988,106.6552164
944,Thị trấn Nhà Bè,Nhà Bè,Hồ Chí Minh,10.6998577,106.7391586
945,Phước Kiển,Nhà Bè,Hồ Chí Minh,10.700191,106.7050059
946,Phước Lộc,Nhà Bè,Hồ Chí Minh,10.6991989,106.6826113
947,Nhơn Đức,Nhà Bè,Hồ Chí Minh,10.6757496,106.6984223
948,Phú Xuân,Nhà Bè,Hồ Chí Minh,10.6842181,106.73642953058422
949,Long Thới,Nhà Bè,Hồ Chí Minh,10.6547502,106.7268424
950,Hiệp Phước,Nhà Bè,Hồ Chí Minh,10.639274,106.74945188544562
951,Thị trấn Cần Thạnh,Cần Giờ,Hồ Chí Minh,10.410892,106.9682997
952,Bình Khánh,Cần Giờ,Hồ Chí Minh,10.6623056,106.7777899
953,Tam Thôn Hiệp,Cần Giờ,Hồ Chí Minh,10.5990028,106.859054
954,An Thới Đông,Cần Giờ,Hồ Chí Minh,10.5921522,106.7896717
955,Thạnh An,Cần Giờ,Hồ Chí Minh,10.588734,106.790328
956,Long Hòa,Cần Giờ,Hồ Chí Minh,10.4014791,106.9041915
957,Lý Nhơn,Cần Giờ,Hồ Chí Minh,10.424339,106.8427706
